EventID,Ajans,Tarih,Enlem,Boylam,Derinlik,Rms,Tip,Büyüklük,Ülke,Ýl,Ýlçe,Köy,Diðer,
377455,DDA,2017-06-20 06:13:32Z,38.9506,26.2541,7.03,0.32000,Mw,3.8,-,-,-,-,Ege Denizi, 33.15 km. Karaburun (Izmir)
377441,DDA,2017-06-20 02:30:12Z,38.8246,26.4420,14.79,0.26000,ML,3.2,-,-,-,-,Ege Denizi, 16.14 km. Karaburun (Izmir)
377438,DDA,2017-06-20 01:33:37Z,38.3506,27.7828,8.46,0.71000,Mw,3.5,Türkiye,Manisa,Turgutlu,-,-
377426,DDA,2017-06-19 23:09:11Z,39.0635,26.0096,25.73,0.70000,ML,3.3,-,-,-,-,Ege Denizi, 44.46 km. Ayvacik (Çanakkale)
377425,DDA,2017-06-19 22:54:37Z,38.8395,26.4380,7.33,0.41000,ML,3.1,-,-,-,-,Ege Denizi, 17.75 km. Karaburun (Izmir)
377348,DDA,2017-06-19 08:15:43Z,38.9488,26.1638,7.01,0.53000,ML,3.0,-,-,-,-,Ege Denizi, 36.32 km. Karaburun (Izmir)
377264,DDA,2017-06-19 01:41:03Z,39.5205,23.2448,16.74,0.91000,Mw,4.2,-,-,-,-,Ege Denizi, 
377194,DDA,2017-06-18 20:46:20Z,39.6243,23.3068,6.72,0.69000,Mw,4.0,-,-,-,-,Ege Denizi, 
377124,DDA,2017-06-18 15:37:55Z,38.8208,26.4650,8.47,0.45000,ML,3.3,-,-,-,-,Ege Denizi, 16.08 km. Karaburun (Izmir)
377051,DDA,2017-06-18 10:13:24Z,38.8616,26.3668,6.48,0.20000,ML,3.3,-,-,-,-,Ege Denizi, 20.58 km. Karaburun (Izmir)
377039,DDA,2017-06-18 09:29:09Z,38.8426,26.4368,7.00,0.25000,ML,3.0,-,-,-,-,Ege Denizi, 18.08 km. Karaburun (Izmir)
377036,DDA,2017-06-18 09:28:04Z,38.8653,26.4593,6.98,0.23000,ML,3.3,-,-,-,-,Ege Denizi, 20.84 km. Karaburun (Izmir)
377031,DDA,2017-06-18 08:54:14Z,40.1758,25.3241,33.74,0.37000,ML,3.0,-,-,-,-,Ege Denizi, 29.44 km. Gökçeada (Çanakkale)
376990,DDA,2017-06-18 04:46:22Z,38.8266,26.4753,5.00,0.29000,ML,3.4,-,-,-,-,Ege Denizi, 16.86 km. Karaburun (Izmir)
376972,DDA,2017-06-18 03:04:51Z,38.8360,26.4205,11.26,0.37000,ML,3.1,-,-,-,-,Ege Denizi, 17.27 km. Karaburun (Izmir)
376952,DDA,2017-06-18 02:12:47Z,38.8391,26.4331,9.50,0.32000,Mw,3.5,-,-,-,-,Ege Denizi, 17.66 km. Karaburun (Izmir)
376943,DDA,2017-06-18 01:21:57Z,38.8573,26.4216,22.98,0.37000,ML,3.0,-,-,-,-,Ege Denizi, 19.63 km. Karaburun (Izmir)
376919,DDA,2017-06-18 00:12:30Z,38.8206,26.4640,7.05,0.24000,ML,3.2,-,-,-,-,Ege Denizi, 16.04 km. Karaburun (Izmir)
376917,DDA,2017-06-17 23:55:12Z,38.8238,26.4696,7.00,0.16000,ML,3.0,-,-,-,-,Ege Denizi, 16.50 km. Karaburun (Izmir)
376899,DDA,2017-06-17 23:16:15Z,38.8321,26.4440,9.48,0.28000,Mw,3.9,-,-,-,-,Ege Denizi, 16.99 km. Karaburun (Izmir)
376908,DDA,2017-06-17 23:10:30Z,38.8351,26.4566,7.00,0.30000,ML,3.4,-,-,-,-,Ege Denizi, 17.49 km. Karaburun (Izmir)
376902,DDA,2017-06-17 23:09:50Z,38.8233,26.4571,7.01,0.33000,ML,3.4,-,-,-,-,Ege Denizi, 16.21 km. Karaburun (Izmir)
376900,DDA,2017-06-17 23:06:29Z,38.8143,26.4558,7.05,0.31000,ML,3.1,-,-,-,-,Ege Denizi, 15.21 km. Karaburun (Izmir)
376898,DDA,2017-06-17 23:01:51Z,38.8180,26.4610,7.00,0.28000,ML,3.4,-,-,-,-,Ege Denizi, 15.70 km. Karaburun (Izmir)
376896,DDA,2017-06-17 23:00:05Z,38.8301,26.4466,11.27,0.28000,ML,3.5,-,-,-,-,Ege Denizi, 16.81 km. Karaburun (Izmir)
376895,DDA,2017-06-17 22:58:36Z,38.8091,26.4730,7.00,0.50000,ML,3.1,-,-,-,-,Ege Denizi, 14.91 km. Karaburun (Izmir)
376890,DDA,2017-06-17 22:50:04Z,38.8381,26.4360,10.25,0.32000,Mw,5.3,-,-,-,-,Ege Denizi, 17.58 km. Karaburun (Izmir)
376891,DDA,2017-06-17 22:37:30Z,38.8788,26.0713,7.03,0.36000,ML,3.3,-,-,-,-,Ege Denizi, 35.01 km. Karaburun (Izmir)
376889,DDA,2017-06-17 22:33:32Z,38.8185,26.4366,12.43,0.27000,Mw,4.2,-,-,-,-,Ege Denizi, 15.42 km. Karaburun (Izmir)
376792,DDA,2017-06-17 06:40:37Z,38.9060,26.2196,12.35,0.34000,Mw,4.5,-,-,-,-,Ege Denizi, 29.86 km. Karaburun (Izmir)
376775,DDA,2017-06-17 03:21:46Z,38.8271,26.4313,6.99,0.22000,Mw,3.5,-,-,-,-,Ege Denizi, 16.32 km. Karaburun (Izmir)
376763,DDA,2017-06-17 01:49:36Z,38.8086,26.4521,12.72,0.21000,ML,3.1,-,-,-,-,Ege Denizi, 14.53 km. Karaburun (Izmir)
376722,DDA,2017-06-16 21:17:36Z,44.3445,36.7655,6.99,0.65000,Mw,4.1,-,-,-,-,Karadeniz, 
376682,DDA,2017-06-16 16:25:50Z,38.7918,26.3946,18.38,0.48000,Mw,4.2,-,-,-,-,Ege Denizi, 12.51 km. Karaburun (Izmir)
376678,DDA,2017-06-16 15:07:33Z,38.8600,26.0061,7.22,0.26000,ML,3.4,-,-,-,-,Ege Denizi, 38.02 km. Karaburun (Izmir)
376665,DDA,2017-06-16 13:51:45Z,38.2708,26.5633,12.72,0.32000,ML,3.1,Türkiye,Izmir,Urla,-,-
376634,DDA,2017-06-16 12:46:28Z,38.2715,26.5821,6.03,0.21000,ML,3.9,Türkiye,Izmir,Urla,-,-
376633,DDA,2017-06-16 12:46:19Z,38.2805,26.5726,7.26,0.23000,ML,3.7,Türkiye,Izmir,Urla,-,-
376641,DDA,2017-06-16 12:40:45Z,38.8678,26.1006,7.01,0.31000,Mw,3.2,-,-,-,-,Ege Denizi, 32.34 km. Karaburun (Izmir)
376611,DDA,2017-06-16 08:59:22Z,38.8880,26.3228,7.01,0.37000,Mw,3.8,-,-,-,-,Ege Denizi, 24.45 km. Karaburun (Izmir)
376610,DDA,2017-06-16 08:52:15Z,38.9223,26.3260,5.69,0.45000,ML,3.1,-,-,-,-,Ege Denizi, 27.99 km. Karaburun (Izmir)
376600,DDA,2017-06-16 07:38:23Z,38.8418,26.4336,10.39,0.48000,ML,3.4,-,-,-,-,Ege Denizi, 17.97 km. Karaburun (Izmir)
376582,DDA,2017-06-16 04:01:07Z,38.8450,26.4701,12.73,0.33000,Mw,3.8,-,-,-,-,Ege Denizi, 18.80 km. Karaburun (Izmir)
376575,DDA,2017-06-16 03:27:27Z,38.8360,26.4490,7.00,0.34000,Mw,3.5,-,-,-,-,Ege Denizi, 17.49 km. Karaburun (Izmir)
376565,DDA,2017-06-16 00:46:07Z,38.8710,26.1458,6.94,0.36000,Mw,3.3,-,-,-,-,Ege Denizi, 30.01 km. Karaburun (Izmir)
376532,DDA,2017-06-15 18:48:09Z,38.8206,26.3901,7.00,0.30000,ML,3.1,-,-,-,-,Ege Denizi, 15.73 km. Karaburun (Izmir)
376531,DDA,2017-06-15 18:36:01Z,38.9240,26.3000,11.35,0.41000,ML,3.0,-,-,-,-,Ege Denizi, 28.88 km. Karaburun (Izmir)
376530,DDA,2017-06-15 18:10:17Z,34.5821,26.5535,7.97,0.95000,ML,3.2,-,-,-,-,Akdeniz, 
376483,DDA,2017-06-15 13:37:04Z,38.8956,26.2635,13.79,0.42000,Mw,4.1,-,-,-,-,Ege Denizi, 27.31 km. Karaburun (Izmir)
376384,DDA,2017-06-15 01:45:47Z,38.8495,26.3940,6.97,0.45000,Mw,3.4,-,-,-,-,Ege Denizi, 18.87 km. Karaburun (Izmir)
376368,DDA,2017-06-14 23:51:19Z,38.8246,25.8755,12.81,0.94000,Mw,3.7,-,-,-,-,Ege Denizi, 46.00 km. Karaburun (Izmir)
376367,DDA,2017-06-14 23:35:14Z,38.9786,26.2700,3.21,0.44000,ML,3.5,-,-,-,-,Ege Denizi, 35.47 km. Karaburun (Izmir)
376321,DDA,2017-06-14 13:51:56Z,38.7393,27.8015,6.76,0.48000,ML,3.2,Türkiye,Manisa,Saruhanli,-,-
376285,DDA,2017-06-14 10:10:04Z,34.4985,23.6621,5.18,0.73000,Mw,4.3,-,-,-,-,Akdeniz, 
376257,DDA,2017-06-14 08:15:20Z,38.8695,26.4301,7.02,0.35000,ML,3.0,-,-,-,-,Ege Denizi, 21.02 km. Karaburun (Izmir)
376247,DDA,2017-06-14 07:35:54Z,38.8613,26.3925,11.78,0.35000,Mw,4.4,-,-,-,-,Ege Denizi, 20.19 km. Karaburun (Izmir)
376245,DDA,2017-06-14 07:24:14Z,38.9590,26.2581,7.01,0.46000,Mw,3.7,-,-,-,-,Ege Denizi, 33.86 km. Karaburun (Izmir)
376250,DDA,2017-06-14 07:20:11Z,38.6803,44.1028,11.24,0.28000,ML,3.3,Türkiye,Van,Özalp,-,-
376243,DDA,2017-06-14 07:14:36Z,38.8825,26.4096,7.01,0.27000,ML,3.3,-,-,-,-,Ege Denizi, 22.44 km. Karaburun (Izmir)
376212,DDA,2017-06-14 04:58:46Z,38.9143,26.2428,6.98,0.38000,ML,3.1,-,-,-,-,Ege Denizi, 29.89 km. Karaburun (Izmir)
376152,DDA,2017-06-14 01:36:08Z,38.7338,27.7551,7.02,0.42000,ML,3.1,Türkiye,Manisa,Saruhanli,-,-
376080,DDA,2017-06-13 22:09:28Z,38.8680,26.3290,8.42,0.37000,Mw,3.6,-,-,-,-,Ege Denizi, 22.18 km. Karaburun (Izmir)
376024,DDA,2017-06-13 18:18:31Z,38.8745,26.3223,7.05,0.29000,ML,3.0,-,-,-,-,Ege Denizi, 23.06 km. Karaburun (Izmir)
375992,DDA,2017-06-13 16:47:53Z,38.8643,26.4513,10.05,0.41000,Mw,3.5,-,-,-,-,Ege Denizi, 20.62 km. Karaburun (Izmir)
375966,DDA,2017-06-13 15:03:41Z,38.8653,26.4218,11.15,0.51000,Mw,3.6,-,-,-,-,Ege Denizi, 20.52 km. Karaburun (Izmir)
375951,DDA,2017-06-13 14:11:23Z,38.7860,26.4830,7.00,0.40000,ML,3.1,-,-,-,-,Ege Denizi, 12.38 km. Karaburun (Izmir)
375950,DDA,2017-06-13 14:09:26Z,38.8755,26.4248,4.04,0.29000,ML,3.0,-,-,-,-,Ege Denizi, 21.66 km. Karaburun (Izmir)
375935,DDA,2017-06-13 12:48:59Z,38.8643,26.3630,7.74,0.40000,ML,3.1,-,-,-,-,Ege Denizi, 20.94 km. Karaburun (Izmir)
375902,DDA,2017-06-13 09:46:49Z,39.1583,29.3706,7.01,0.67000,ML,3.1,Türkiye,Kütahya,Gediz,-,-
375883,DDA,2017-06-13 08:31:42Z,38.9438,26.1686,7.01,0.25000,Mw,3.5,-,-,-,-,Ege Denizi, 35.63 km. Karaburun (Izmir)
375882,DDA,2017-06-13 08:29:51Z,38.8011,26.4506,7.02,0.64000,ML,3.0,-,-,-,-,Ege Denizi, 13.68 km. Karaburun (Izmir)
375880,DDA,2017-06-13 08:16:26Z,38.7988,26.4508,7.00,0.23000,ML,3.2,-,-,-,-,Ege Denizi, 13.44 km. Karaburun (Izmir)
375870,DDA,2017-06-13 07:36:54Z,36.4788,42.3916,27.52,0.47000,ML,3.0,Irak,Talafar,-,-,-
375847,DDA,2017-06-13 06:21:52Z,38.8606,26.3623,7.00,0.13000,ML,3.0,-,-,-,-,Ege Denizi, 20.55 km. Karaburun (Izmir)
375846,DDA,2017-06-13 06:19:58Z,38.8465,26.4233,7.09,0.47000,Mw,4.0,-,-,-,-,Ege Denizi, 18.44 km. Karaburun (Izmir)
375843,DDA,2017-06-13 06:05:35Z,38.9010,26.3280,7.00,0.19000,Mw,3.5,-,-,-,-,Ege Denizi, 25.67 km. Karaburun (Izmir)
375805,DDA,2017-06-13 04:29:20Z,38.8255,26.3705,7.12,0.28000,Mw,3.5,-,-,-,-,Ege Denizi, 16.60 km. Karaburun (Izmir)
375780,DDA,2017-06-13 03:23:52Z,38.8950,26.3478,7.06,0.30000,ML,3.1,-,-,-,-,Ege Denizi, 24.56 km. Karaburun (Izmir)
375768,DDA,2017-06-13 02:29:21Z,38.8941,26.3325,7.00,0.80000,Mw,3.4,-,-,-,-,Ege Denizi, 24.82 km. Karaburun (Izmir)
375753,DDA,2017-06-13 01:35:08Z,38.8658,26.4236,7.01,0.30000,ML,3.1,-,-,-,-,Ege Denizi, 20.58 km. Karaburun (Izmir)
375712,DDA,2017-06-12 22:52:34Z,38.9068,26.3593,7.00,0.12000,ML,3.2,-,-,-,-,Ege Denizi, 25.62 km. Karaburun (Izmir)
375711,DDA,2017-06-12 22:48:38Z,38.9108,26.3441,7.00,0.21000,Mw,3.6,-,-,-,-,Ege Denizi, 26.34 km. Karaburun (Izmir)
375689,DDA,2017-06-12 21:29:27Z,38.8238,26.2911,7.00,0.37000,Mw,3.6,-,-,-,-,Ege Denizi, 19.01 km. Karaburun (Izmir)
375688,DDA,2017-06-12 21:25:40Z,38.8760,26.2961,12.53,0.34000,Mw,4.0,-,-,-,-,Ege Denizi, 24.11 km. Karaburun (Izmir)
375691,DDA,2017-06-12 21:25:02Z,38.8641,26.0908,6.44,0.43000,ML,3.4,-,-,-,-,Ege Denizi, 32.66 km. Karaburun (Izmir)
375674,DDA,2017-06-12 20:34:31Z,38.8791,26.4460,0.00,0.48000,ML,3.5,-,-,-,-,Ege Denizi, 22.19 km. Karaburun (Izmir)
375664,DDA,2017-06-12 19:42:04Z,38.8246,26.3503,7.00,0.14000,ML,3.0,-,-,-,-,Ege Denizi, 17.02 km. Karaburun (Izmir)
375653,DDA,2017-06-12 19:30:15Z,38.8673,26.3866,12.29,0.27000,Mw,4.0,-,-,-,-,Ege Denizi, 20.91 km. Karaburun (Izmir)
375651,DDA,2017-06-12 19:16:23Z,38.8243,26.3615,9.50,0.17000,Mw,3.7,-,-,-,-,Ege Denizi, 16.68 km. Karaburun (Izmir)
375642,DDA,2017-06-12 18:27:25Z,38.9483,26.1095,7.01,0.19000,ML,3.2,-,-,-,-,Ege Denizi, 38.79 km. Karaburun (Izmir)
375633,DDA,2017-06-12 18:25:01Z,38.8608,26.3770,6.97,0.25000,Mw,4.0,-,-,-,-,Ege Denizi, 20.32 km. Karaburun (Izmir)
375631,DDA,2017-06-12 17:41:12Z,38.8953,26.2458,5.99,0.35000,Mw,3.5,-,-,-,-,Ege Denizi, 27.84 km. Karaburun (Izmir)
375629,DDA,2017-06-12 17:37:25Z,38.8988,26.2313,6.47,0.16000,Mw,3.5,-,-,-,-,Ege Denizi, 28.70 km. Karaburun (Izmir)
375618,DDA,2017-06-12 17:19:47Z,38.8548,26.3601,12.42,0.33000,Mw,4.3,-,-,-,-,Ege Denizi, 19.97 km. Karaburun (Izmir)
375616,DDA,2017-06-12 17:05:13Z,36.9695,36.0786,10.96,0.69000,ML,3.1,Türkiye,Hatay,Erzin,-,-
375614,DDA,2017-06-12 17:02:45Z,38.8041,26.3980,7.01,0.22000,Mw,3.1,-,-,-,-,Ege Denizi, 13.82 km. Karaburun (Izmir)
375615,DDA,2017-06-12 16:57:01Z,38.8975,26.2373,7.01,0.29000,ML,3.4,-,-,-,-,Ege Denizi, 28.36 km. Karaburun (Izmir)
375613,DDA,2017-06-12 16:53:13Z,38.9038,26.2701,7.06,0.32000,ML,3.2,-,-,-,-,Ege Denizi, 27.87 km. Karaburun (Izmir)
375607,DDA,2017-06-12 16:42:23Z,38.8195,26.3558,7.01,0.27000,ML,3.3,-,-,-,-,Ege Denizi, 16.32 km. Karaburun (Izmir)
375609,DDA,2017-06-12 16:40:08Z,38.8543,26.2673,7.03,0.21000,ML,3.0,-,-,-,-,Ege Denizi, 22.92 km. Karaburun (Izmir)
375602,DDA,2017-06-12 16:24:25Z,38.9148,26.2946,6.91,0.59000,ML,3.1,-,-,-,-,Ege Denizi, 28.10 km. Karaburun (Izmir)
375594,DDA,2017-06-12 16:12:23Z,38.8695,26.2935,2.64,0.36000,ML,3.0,-,-,-,-,Ege Denizi, 23.56 km. Karaburun (Izmir)
375596,DDA,2017-06-12 16:10:14Z,38.8925,26.3485,7.00,0.91000,ML,3.2,-,-,-,-,Ege Denizi, 24.28 km. Karaburun (Izmir)
375599,DDA,2017-06-12 16:07:07Z,38.8653,26.3891,7.04,0.37000,ML,3.4,-,-,-,-,Ege Denizi, 20.66 km. Karaburun (Izmir)
375597,DDA,2017-06-12 16:05:10Z,38.8560,26.3430,7.04,0.50000,ML,3.2,-,-,-,-,Ege Denizi, 20.52 km. Karaburun (Izmir)
375590,DDA,2017-06-12 16:00:14Z,38.8568,26.3665,7.01,0.32000,ML,3.3,-,-,-,-,Ege Denizi, 20.06 km. Karaburun (Izmir)
375584,DDA,2017-06-12 15:49:51Z,38.8643,26.3223,7.00,0.56000,ML,3.0,-,-,-,-,Ege Denizi, 22.00 km. Karaburun (Izmir)
375583,DDA,2017-06-12 15:47:25Z,38.8790,26.4085,7.05,0.37000,ML,3.6,-,-,-,-,Ege Denizi, 22.05 km. Karaburun (Izmir)
375589,DDA,2017-06-12 15:41:55Z,39.1925,26.6498,7.05,0.40000,ML,3.5,-,-,-,-,Ege Denizi, 7.29 km. Ayvalik (Balikesir)
375579,DDA,2017-06-12 15:38:51Z,38.4558,27.0116,6.99,0.64000,ML,3.3,Türkiye,-,-,-,Izmir Korfezi, 0.63 km. Çigli (Izmir)
375580,DDA,2017-06-12 15:35:57Z,38.9335,26.2270,7.04,0.89000,ML,3.4,-,-,-,-,Ege Denizi, 32.38 km. Karaburun (Izmir)
375577,DDA,2017-06-12 15:35:33Z,38.8586,26.3681,7.15,0.32000,Mw,4.9,-,-,-,-,Ege Denizi, 20.23 km. Karaburun (Izmir)
375581,DDA,2017-06-12 15:32:53Z,38.8236,26.3361,6.98,0.48000,ML,4.0,-,-,-,-,Ege Denizi, 17.37 km. Karaburun (Izmir)
375578,DDA,2017-06-12 15:31:38Z,38.8941,26.2456,7.01,0.62000,Mw,4.9,-,-,-,-,Ege Denizi, 27.72 km. Karaburun (Izmir)
375576,DDA,2017-06-12 15:28:37Z,38.8486,26.3130,15.96,0.28000,Mw,6.2,-,-,-,-,Ege Denizi, 20.73 km. Karaburun (Izmir)
375516,DDA,2017-06-12 00:42:06Z,35.8285,29.2618,40.10,0.16000,ML,3.0,-,-,-,-,Akdeniz, 41.13 km. Kas (Antalya)
375383,DDA,2017-06-10 11:51:46Z,40.0426,35.6378,10.00,0.15000,Mw,3.9,Türkiye,Yozgat,Çekerek,-,-
375275,DDA,2017-06-08 18:52:53Z,34.5110,24.8400,162.10,0.80000,Mw,3.9,-,-,-,-,Akdeniz, 
375190,DDA,2017-06-08 02:09:07Z,34.9010,23.6810,15.00,0.30000,ML,3.2,-,-,-,-,Akdeniz, 
375153,DDA,2017-06-07 21:25:42Z,41.4628,45.7140,7.31,0.25000,Mw,4.5,Gürcistan,Signagi,-,-,-
375103,DDA,2017-06-07 10:47:06Z,40.5316,30.5360,7.00,0.30000,ML,3.0,Türkiye,Sakarya,Akyazi,-,-
375040,DDA,2017-06-07 00:53:30Z,38.6310,27.5553,6.97,0.16000,ML,3.0,Türkiye,Manisa,Sehzadeler,-,-
374994,DDA,2017-06-06 12:26:22Z,38.6255,27.5558,7.39,0.38000,ML,3.0,Türkiye,Manisa,Sehzadeler,-,-
374962,DDA,2017-06-06 04:15:47Z,38.6450,43.1270,2.10,0.90000,ML,3.1,Türkiye,Van,Tusba,-,-
374956,DDA,2017-06-06 03:34:16Z,38.6573,44.1156,10.73,0.34000,ML,3.0,Türkiye,Van,Özalp,-,-
374854,DDA,2017-06-04 20:04:54Z,38.3373,26.5716,14.64,0.16000,ML,3.4,Türkiye,Izmir,Urla,-,-
374851,DDA,2017-06-04 17:32:47Z,38.7611,35.3815,14.84,0.33000,ML,3.4,Türkiye,Kayseri,Kocasinan,-,-
374773,DDA,2017-06-04 03:07:17Z,37.2250,24.4015,3.73,0.49000,Mw,3.4,-,-,-,-,Ege Denizi, 5.20 km.Cyclades (Yunanistan), 198.51 km. Çesme (Izmir)
374679,DDA,2017-06-03 08:43:28Z,36.8570,42.3143,7.26,0.54000,ML,3.3,Irak,Talafar,-,-,-
374591,DDA,2017-06-02 07:55:38Z,38.7303,27.8770,7.13,0.28000,ML,3.4,Türkiye,Manisa,Gölmarmara,-,-
374489,DDA,2017-06-01 19:26:34Z,38.6266,27.5491,9.86,0.50000,ML,3.0,Türkiye,Manisa,Sehzadeler,-,-
374442,DDA,2017-06-01 13:24:03Z,38.6505,27.6285,7.64,0.90000,Mw,3.1,Türkiye,Manisa,Saruhanli,-,-
374449,DDA,2017-06-01 13:23:55Z,38.3550,27.7221,7.00,0.61000,ML,3.0,Türkiye,Izmir,Kemalpasa,-,-
374444,DDA,2017-06-01 13:19:04Z,36.8248,43.0203,18.85,0.20000,Mw,3.2,Irak,Dahuk,-,-,-
374432,DDA,2017-06-01 10:47:31Z,38.3775,27.7876,11.70,0.56000,Mw,3.6,Türkiye,Manisa,Turgutlu,-,-
374354,DDA,2017-05-31 23:30:14Z,36.4941,26.1328,29.29,0.95000,Mw,3.9,-,-,-,-,Ege Denizi, 13.46 km.Dodecanese (Yunanistan), 109.38 km. Bodrum (Mugla)
374316,DDA,2017-05-31 16:49:08Z,39.5670,38.1275,24.02,0.21000,ML,3.3,Türkiye,Sivas,Divrigi,-,-
374301,DDA,2017-05-31 13:15:56Z,38.6331,27.5355,6.97,0.44000,ML,3.0,Türkiye,Manisa,Sehzadeler,-,-
374255,DDA,2017-05-31 03:56:32Z,38.7300,27.8395,8.78,0.43000,ML,3.2,Türkiye,Manisa,Gölmarmara,-,-
374242,DDA,2017-05-31 01:25:37Z,38.3651,27.7721,7.01,0.17000,Mw,3.2,Türkiye,Manisa,Turgutlu,-,-
374218,DDA,2017-05-30 20:33:46Z,38.6226,27.6085,7.00,0.24000,Mw,3.3,Türkiye,Manisa,Sehzadeler,-,-
374201,DDA,2017-05-30 15:29:22Z,35.4025,31.5001,13.75,0.82000,Mw,4.2,-,-,-,-,Akdeniz, 78.25 km.Paphos (), 116.61 km. Gazipasa (Antalya)
374128,DDA,2017-05-30 01:28:48Z,38.7325,27.7865,10.53,0.24000,Mw,3.7,Türkiye,Manisa,Saruhanli,-,-
374116,DDA,2017-05-29 22:13:19Z,38.7516,27.8466,9.99,0.35000,ML,3.1,Türkiye,Manisa,Saruhanli,-,-
374102,DDA,2017-05-29 17:57:26Z,38.4426,43.8980,7.03,0.81000,ML,3.2,Türkiye,Van,Gürpinar,-,-
373946,DDA,2017-05-29 03:35:47Z,34.0596,32.7233,41.59,0.28000,Mw,3.9,-,-,-,-,Akdeniz, 
373920,DDA,2017-05-29 02:09:16Z,38.7545,27.7820,9.88,0.21000,ML,3.1,Türkiye,Manisa,Saruhanli,-,-
373824,DDA,2017-05-28 21:16:15Z,38.7143,27.8055,7.02,0.34000,ML,3.0,Türkiye,Manisa,Saruhanli,-,-
373780,DDA,2017-05-28 18:51:41Z,38.7510,27.8298,8.54,0.26000,ML,3.4,Türkiye,Manisa,Saruhanli,-,-
373741,DDA,2017-05-28 16:21:11Z,38.7576,27.8466,7.00,0.15000,ML,3.1,Türkiye,Manisa,Saruhanli,-,-
373693,DDA,2017-05-28 14:16:34Z,38.7020,27.7751,6.96,0.41000,ML,3.2,Türkiye,Manisa,Saruhanli,-,-
373690,DDA,2017-05-28 14:04:58Z,38.7231,27.7921,10.82,0.37000,Mw,4.8,Türkiye,Manisa,Saruhanli,-,-
373675,DDA,2017-05-28 13:08:09Z,38.7503,27.7900,7.00,0.18000,ML,3.0,Türkiye,Manisa,Saruhanli,-,-
373653,DDA,2017-05-28 11:49:47Z,38.7541,27.8043,11.75,0.34000,Mw,4.1,Türkiye,Manisa,Saruhanli,-,-
373643,DDA,2017-05-28 11:06:24Z,38.7423,27.8428,3.96,0.15000,Mw,3.5,Türkiye,Manisa,Gölmarmara,-,-
373625,DDA,2017-05-28 10:34:01Z,38.7306,27.7743,3.24,0.59000,Mw,4.1,Türkiye,Manisa,Saruhanli,-,-
373584,DDA,2017-05-28 07:38:19Z,38.7365,27.8060,9.78,0.40000,Mw,4.5,Türkiye,Manisa,Saruhanli,-,-
373578,DDA,2017-05-28 06:54:05Z,38.7271,27.8441,7.00,0.63000,ML,3.1,Türkiye,Manisa,Gölmarmara,-,-
373562,DDA,2017-05-28 06:03:11Z,38.7311,27.8281,7.00,0.18000,ML,3.2,Türkiye,Manisa,Gölmarmara,-,-
373560,DDA,2017-05-28 06:02:00Z,38.6938,27.7876,6.99,0.30000,Mw,3.9,Türkiye,Manisa,Saruhanli,-,-
373558,DDA,2017-05-28 05:57:53Z,38.7240,27.7896,8.92,0.40000,ML,3.2,Türkiye,Manisa,Saruhanli,-,-
373559,DDA,2017-05-28 05:52:55Z,38.7115,27.7956,6.90,0.56000,Mw,4.8,Türkiye,Manisa,Saruhanli,-,-
373557,DDA,2017-05-28 05:50:25Z,38.7206,27.7910,4.28,0.37000,Mw,4.6,Türkiye,Manisa,Saruhanli,-,-
373593,DDA,2017-05-28 05:42:08Z,38.7115,27.8085,11.03,0.45000,ML,3.4,Türkiye,Manisa,Saruhanli,-,-
373567,DDA,2017-05-28 05:26:03Z,38.7485,27.8403,4.10,0.18000,Mw,3.4,Türkiye,Manisa,Saruhanli,-,-
373551,DDA,2017-05-28 05:16:41Z,38.7448,27.8465,6.95,0.72000,Mw,4.0,Türkiye,Manisa,Gölmarmara,-,-
373550,DDA,2017-05-28 05:14:59Z,38.7286,27.8005,8.88,0.41000,Mw,4.4,Türkiye,Manisa,Saruhanli,-,-
373535,DDA,2017-05-28 02:57:43Z,38.6135,27.6000,7.01,0.38000,Mw,3.2,Türkiye,Manisa,Sehzadeler,-,-
373530,DDA,2017-05-28 02:04:19Z,38.7260,27.7970,6.93,0.16000,Mw,3.3,Türkiye,Manisa,Saruhanli,-,-
373522,DDA,2017-05-28 00:51:24Z,37.6030,38.4656,7.52,0.29000,Mw,3.3,Türkiye,Adiyaman,Samsat,-,-
373457,DDA,2017-05-27 19:28:17Z,38.7295,27.8401,7.00,0.20000,ML,3.1,Türkiye,Manisa,Gölmarmara,-,-
373456,DDA,2017-05-27 19:25:32Z,38.7263,27.8251,7.00,0.15000,ML,3.0,Türkiye,Manisa,Gölmarmara,-,-
373455,DDA,2017-05-27 19:22:57Z,38.7641,27.8005,5.25,0.23000,ML,3.4,Türkiye,Manisa,Saruhanli,-,-
373454,DDA,2017-05-27 19:22:38Z,38.7520,27.8331,7.00,0.19000,ML,3.0,Türkiye,Manisa,Saruhanli,-,-
373452,DDA,2017-05-27 19:18:35Z,38.7346,27.8176,7.01,0.18000,ML,3.0,Türkiye,Manisa,Saruhanli,-,-
373447,DDA,2017-05-27 18:53:23Z,38.7358,27.8156,11.03,0.38000,Mw,5.1,Türkiye,Manisa,Saruhanli,-,-
373407,DDA,2017-05-27 04:22:04Z,38.6395,46.8593,4.88,0.60000,ML,3.0,Iran,Ahar,-,-,-
373378,DDA,2017-05-27 02:07:03Z,38.3555,27.7818,6.98,0.38000,ML,3.1,Türkiye,Manisa,Turgutlu,-,-
373405,DDA,2017-05-27 01:14:42Z,35.5350,23.4570,15.00,0.70000,Mw,3.4,-,-,-,-,Ege Denizi, 
373354,DDA,2017-05-26 23:14:49Z,38.6085,27.6048,7.00,0.39000,Mw,3.4,Türkiye,Manisa,Sehzadeler,-,-
373332,DDA,2017-05-26 19:13:11Z,37.1278,28.6545,6.99,0.27000,Mw,3.7,Türkiye,Mugla,Ula,-,-
373281,DDA,2017-05-26 09:04:46Z,35.4930,23.4030,12.40,0.90000,Mw,3.7,-,-,-,-,Iyon Denizi, 
373269,DDA,2017-05-26 06:38:58Z,36.8756,29.0393,6.88,0.24000,Mw,3.5,Türkiye,Mugla,Dalaman,-,-
373255,DDA,2017-05-26 06:27:25Z,36.8660,29.0118,12.14,0.25000,Mw,3.6,Türkiye,Mugla,Dalaman,-,-
373235,DDA,2017-05-26 04:03:06Z,34.3766,28.1918,7.56,0.83000,Mw,4.3,-,-,-,-,Akdeniz, 228.82 km. Kas (Antalya)
373170,DDA,2017-05-25 05:58:50Z,38.7011,38.1325,10.64,0.41000,Mw,3.9,Türkiye,Malatya,Hekimhan,-,-
373142,DDA,2017-05-24 21:26:46Z,39.5693,26.0906,5.90,0.20000,Mw,3.3,-,-,-,-,Ege Denizi, 0.61 km. Ayvacik (Çanakkale)
